{"resourceType":"ImplementationGuide","id":"medicationprofiles.id","text":{"status":"generated","div":"<div xmlns=\"http://www.w3.org/1999/xhtml\"><p class=\"res-header-id\"><b>Generated Narrative: ImplementationGuide medicationprofiles.id</b></p><a name=\"medicationprofiles.id\"> </a><a name=\"hcmedicationprofiles.id\"> </a><a name=\"medicationprofiles.id-en-US\"> </a><h2>MedicationProfiles</h2><p>The official URL for this implementation guide is: </p><pre>http://example.org/ImplementationGuide/medicationprofiles.id</pre></div>"},"url":"http://example.org/ImplementationGuide/medicationprofiles.id","version":"0.1.0","name":"MedicationProfiles","status":"draft","date":"2025-05-11T16:39:14+02:00","publisher":"Agnes Rehn, master thesis at Karolinska Institutet","contact":[{"name":"Agnes Rehn, master thesis at Karolinska Institutet","telecom":[{"system":"url","value":"http://example.org/example-publisher"}]}],"packageId":"medicationprofiles.id","license":"CC0-1.0","fhirVersion":["5.0.0"],"dependsOn":[{"id":"hl7tx","extension":[{"url":"http://hl7.org/fhir/tools/StructureDefinition/implementationguide-dependency-comment","valueMarkdown":"Automatically added as a dependency - all IGs depend on HL7 Terminology"}],"uri":"http://terminology.hl7.org/ImplementationGuide/hl7.terminology","packageId":"hl7.terminology.r5","version":"6.3.0"},{"id":"hl7ext","extension":[{"url":"http://hl7.org/fhir/tools/StructureDefinition/implementationguide-dependency-comment","valueMarkdown":"Automatically added as a dependency - all IGs depend on the HL7 Extension Pack"}],"uri":"http://hl7.org/fhir/extensions/ImplementationGuide/hl7.fhir.uv.extensions","packageId":"hl7.fhir.uv.extensions.r5","version":"5.2.0"}],"definition":{"extension":[{"url":"http://hl7.org/fhir/tools/StructureDefinition/ig-internal-dependency","valueCode":"hl7.fhir.uv.tools.r5#0.5.0"}],"grouping":[{"id":"-str-profile","name":"Structures: Resource Profiles","description":"These define constraints on FHIR resources for systems conforming to this implementation guide."},{"id":"-str-extension","name":"Structures: Extension Definitions","description":"These define constraints on FHIR data types for systems conforming to this implementation guide."},{"id":"-term-valueset","name":"Terminology: Value Sets","description":"These define sets of codes used by systems conforming to this implementation guide."},{"id":"-ex-example","name":"Example: Example Instances","description":"These are example instances that show what data produced and consumed by systems conforming with this implementation guide might look like."}],"resource":[{"extension":[{"url":"http://hl7.org/fhir/tools/StructureDefinition/resource-sort","valueInteger":999999999},{"url":"http://hl7.org/fhir/StructureDefinition/implementationguide-page","valueUri":"StructureDefinition-my-MyDosage.html"}],"reference":{"reference":"StructureDefinition/my-MyDosage"},"name":"My Dosage","description":"A Profile based on MedicationRequest describing the dosage in medication orders, for example morphine administered at a rate of 2 mg/hour","isExample":false,"groupingId":"-str-profile"},{"extension":[{"url":"http://hl7.org/fhir/tools/StructureDefinition/resource-sort","valueInteger":999999999},{"url":"http://hl7.org/fhir/StructureDefinition/implementationguide-page","valueUri":"StructureDefinition-my-MyDosageAdministration.html"}],"reference":{"reference":"StructureDefinition/my-MyDosageAdministration"},"name":"My DosageAdministration","description":"A Profile based on MedicationAdministration describing the administration of the dosage in medication orders, for example self-administred insulin injection using a prefilled pen in the abdomen","isExample":false,"groupingId":"-str-profile"},{"extension":[{"url":"http://hl7.org/fhir/tools/StructureDefinition/resource-sort","valueInteger":999999999},{"url":"http://hl7.org/fhir/StructureDefinition/implementationguide-page","valueUri":"StructureDefinition-my-MyMedication.html"}],"reference":{"reference":"StructureDefinition/my-MyMedication"},"name":"My Medication","description":"A Profile based on NLLMedication describing the medication in medication orders, for example Ibuprofen 400 mg tablet","isExample":false,"groupingId":"-str-profile"},{"extension":[{"url":"http://hl7.org/fhir/tools/StructureDefinition/resource-sort","valueInteger":999999999},{"url":"http://hl7.org/fhir/StructureDefinition/implementationguide-page","valueUri":"StructureDefinition-my-medicationrequest.html"}],"reference":{"reference":"StructureDefinition/my-medicationrequest"},"name":"My MedicationRequest","description":"A profile based on MedicationRequest for example a 10-day antibiotic treatment with the treatment goal to reduce infection markers.","isExample":false,"groupingId":"-str-profile"},{"extension":[{"url":"http://hl7.org/fhir/tools/StructureDefinition/resource-sort","valueInteger":999999999},{"url":"http://hl7.org/fhir/StructureDefinition/implementationguide-page","valueUri":"StructureDefinition-NLLMedication.html"}],"reference":{"reference":"StructureDefinition/NLLMedication"},"name":"NLLMedication","isExample":false,"groupingId":"-str-profile"},{"extension":[{"url":"http://hl7.org/fhir/tools/StructureDefinition/resource-sort","valueInteger":999999999},{"url":"http://hl7.org/fhir/StructureDefinition/implementationguide-page","valueUri":"StructureDefinition-NLLMedicationSnapshot.html"}],"reference":{"reference":"StructureDefinition/NLLMedicationSnapshot"},"name":"NLLMedication","isExample":false,"groupingId":"-str-profile"},{"extension":[{"url":"http://hl7.org/fhir/tools/StructureDefinition/resource-sort","valueInteger":999999999},{"url":"http://hl7.org/fhir/StructureDefinition/implementationguide-page","valueUri":"StructureDefinition-followup-extension.html"}],"reference":{"reference":"StructureDefinition/followup-extension"},"name":"Follow Up","description":"An extension to represent the type and timing of follow-up.","isExample":false,"groupingId":"-str-extension"},{"extension":[{"url":"http://hl7.org/fhir/tools/StructureDefinition/resource-sort","valueInteger":999999999},{"url":"http://hl7.org/fhir/StructureDefinition/implementationguide-page","valueUri":"StructureDefinition-SiteQualifier.html"}],"reference":{"reference":"StructureDefinition/SiteQualifier"},"name":"Qualified Administration Site","description":"Indicates whether a more precise administration site is needed beyond the standard site.","isExample":false,"groupingId":"-str-extension"},{"extension":[{"url":"http://hl7.org/fhir/tools/StructureDefinition/resource-sort","valueInteger":999999999},{"url":"http://hl7.org/fhir/StructureDefinition/implementationguide-page","valueUri":"StructureDefinition-self-administration.html"}],"reference":{"reference":"StructureDefinition/self-administration"},"name":"Self Administration","description":"Indicates whether the medication was self-administered by the patient.","isExample":false,"groupingId":"-str-extension"},{"extension":[{"url":"http://hl7.org/fhir/tools/StructureDefinition/resource-sort","valueInteger":999999999},{"url":"http://hl7.org/fhir/StructureDefinition/implementationguide-page","valueUri":"StructureDefinition-goal-extension.html"}],"reference":{"reference":"StructureDefinition/goal-extension"},"name":"Treatment Goal","description":"Describes the goal or purpose of the treatment.","isExample":false,"groupingId":"-str-extension"},{"extension":[{"url":"http://hl7.org/fhir/tools/StructureDefinition/resource-sort","valueInteger":999999999},{"url":"http://hl7.org/fhir/StructureDefinition/implementationguide-page","valueUri":"ValueSet-FollowUpVs.html"}],"reference":{"reference":"ValueSet/FollowUpVs"},"name":"Follow Upvs","description":"This is a valueset for Follow up","isExample":false,"groupingId":"-term-valueset"},{"extension":[{"url":"http://hl7.org/fhir/tools/StructureDefinition/resource-sort","valueInteger":999999999},{"url":"http://hl7.org/fhir/StructureDefinition/implementationguide-page","valueUri":"Medication-exampleIbuprofen400mg.html"}],"reference":{"reference":"Medication/exampleIbuprofen400mg"},"name":"exampleIbuprofen400mg","description":"This instance describes how a medication order for 1 talet of Ibuprofen with the strength 400 mg, could be structured","isExample":true,"profile":["http://example.org/StructureDefinition/my-MyMedication"],"groupingId":"-ex-example"}],"page":{"sourceUrl":"toc.html","name":"toc.html","title":"Table of Contents","generation":"html","page":[{"sourceUrl":"index.html","name":"index.html","title":"Home","generation":"markdown"},{"sourceUrl":"artifacts.html","name":"artifacts.html","title":"Artifacts Summary","generation":"html","page":[{"sourceUrl":"StructureDefinition-my-MyDosage.html","name":"StructureDefinition-my-MyDosage.html","title":"My Dosage","generation":"generated"},{"sourceUrl":"StructureDefinition-my-MyDosageAdministration.html","name":"StructureDefinition-my-MyDosageAdministration.html","title":"My DosageAdministration","generation":"generated"},{"sourceUrl":"StructureDefinition-my-MyMedication.html","name":"StructureDefinition-my-MyMedication.html","title":"My Medication","generation":"generated"},{"sourceUrl":"StructureDefinition-my-medicationrequest.html","name":"StructureDefinition-my-medicationrequest.html","title":"My MedicationRequest","generation":"generated"},{"sourceUrl":"StructureDefinition-NLLMedication.html","name":"StructureDefinition-NLLMedication.html","title":"NLLMedication","generation":"generated"},{"sourceUrl":"StructureDefinition-NLLMedicationSnapshot.html","name":"StructureDefinition-NLLMedicationSnapshot.html","title":"NLLMedication","generation":"generated"},{"sourceUrl":"StructureDefinition-followup-extension.html","name":"StructureDefinition-followup-extension.html","title":"Follow Up","generation":"generated"},{"sourceUrl":"StructureDefinition-SiteQualifier.html","name":"StructureDefinition-SiteQualifier.html","title":"Qualified Administration Site","generation":"generated"},{"sourceUrl":"StructureDefinition-self-administration.html","name":"StructureDefinition-self-administration.html","title":"Self Administration","generation":"generated"},{"sourceUrl":"StructureDefinition-goal-extension.html","name":"StructureDefinition-goal-extension.html","title":"Treatment Goal","generation":"generated"},{"sourceUrl":"ValueSet-FollowUpVs.html","name":"ValueSet-FollowUpVs.html","title":"Follow Upvs","generation":"generated"},{"sourceUrl":"Medication-exampleIbuprofen400mg.html","name":"Medication-exampleIbuprofen400mg.html","title":"exampleIbuprofen400mg","generation":"generated"}]}]},"parameter":[{"code":{"system":"http://hl7.org/fhir/tools/CodeSystem/ig-parameters","code":"copyrightyear"},"value":"2025+"},{"code":{"system":"http://hl7.org/fhir/tools/CodeSystem/ig-parameters","code":"releaselabel"},"value":"R5"},{"code":{"system":"http://hl7.org/fhir/tools/CodeSystem/ig-parameters","code":"autoload-resources"},"value":"true"},{"code":{"system":"http://hl7.org/fhir/guide-parameter-code","code":"path-resource"},"value":"input/capabilities"},{"code":{"system":"http://hl7.org/fhir/guide-parameter-code","code":"path-resource"},"value":"input/examples"},{"code":{"system":"http://hl7.org/fhir/guide-parameter-code","code":"path-resource"},"value":"input/extensions"},{"code":{"system":"http://hl7.org/fhir/guide-parameter-code","code":"path-resource"},"value":"input/models"},{"code":{"system":"http://hl7.org/fhir/guide-parameter-code","code":"path-resource"},"value":"input/operations"},{"code":{"system":"http://hl7.org/fhir/guide-parameter-code","code":"path-resource"},"value":"input/profiles"},{"code":{"system":"http://hl7.org/fhir/guide-parameter-code","code":"path-resource"},"value":"input/resources"},{"code":{"system":"http://hl7.org/fhir/guide-parameter-code","code":"path-resource"},"value":"input/vocabulary"},{"code":{"system":"http://hl7.org/fhir/guide-parameter-code","code":"path-resource"},"value":"input/maps"},{"code":{"system":"http://hl7.org/fhir/guide-parameter-code","code":"path-resource"},"value":"input/testing"},{"code":{"system":"http://hl7.org/fhir/guide-parameter-code","code":"path-resource"},"value":"input/history"},{"code":{"system":"http://hl7.org/fhir/guide-parameter-code","code":"path-resource"},"value":"fsh-generated/resources"},{"code":{"system":"http://hl7.org/fhir/guide-parameter-code","code":"path-pages"},"value":"template/config"},{"code":{"system":"http://hl7.org/fhir/guide-parameter-code","code":"path-pages"},"value":"input/images"},{"code":{"system":"http://hl7.org/fhir/tools/CodeSystem/ig-parameters","code":"path-liquid"},"value":"template/liquid"},{"code":{"system":"http://hl7.org/fhir/tools/CodeSystem/ig-parameters","code":"path-liquid"},"value":"input/liquid"},{"code":{"system":"http://hl7.org/fhir/tools/CodeSystem/ig-parameters","code":"path-qa"},"value":"temp/qa"},{"code":{"system":"http://hl7.org/fhir/tools/CodeSystem/ig-parameters","code":"path-temp"},"value":"temp/pages"},{"code":{"system":"http://hl7.org/fhir/tools/CodeSystem/ig-parameters","code":"path-output"},"value":"output"},{"code":{"system":"http://hl7.org/fhir/guide-parameter-code","code":"path-tx-cache"},"value":"input-cache/txcache"},{"code":{"system":"http://hl7.org/fhir/tools/CodeSystem/ig-parameters","code":"path-suppressed-warnings"},"value":"input/ignoreWarnings.txt"},{"code":{"system":"http://hl7.org/fhir/tools/CodeSystem/ig-parameters","code":"path-history"},"value":"http://example.org/history.html"},{"code":{"system":"http://hl7.org/fhir/tools/CodeSystem/ig-parameters","code":"template-html"},"value":"template-page.html"},{"code":{"system":"http://hl7.org/fhir/tools/CodeSystem/ig-parameters","code":"template-md"},"value":"template-page-md.html"},{"code":{"system":"http://hl7.org/fhir/tools/CodeSystem/ig-parameters","code":"apply-contact"},"value":"true"},{"code":{"system":"http://hl7.org/fhir/tools/CodeSystem/ig-parameters","code":"apply-context"},"value":"true"},{"code":{"system":"http://hl7.org/fhir/tools/CodeSystem/ig-parameters","code":"apply-copyright"},"value":"true"},{"code":{"system":"http://hl7.org/fhir/tools/CodeSystem/ig-parameters","code":"apply-jurisdiction"},"value":"true"},{"code":{"system":"http://hl7.org/fhir/tools/CodeSystem/ig-parameters","code":"apply-license"},"value":"true"},{"code":{"system":"http://hl7.org/fhir/tools/CodeSystem/ig-parameters","code":"apply-publisher"},"value":"true"},{"code":{"system":"http://hl7.org/fhir/tools/CodeSystem/ig-parameters","code":"apply-version"},"value":"true"},{"code":{"system":"http://hl7.org/fhir/tools/CodeSystem/ig-parameters","code":"apply-wg"},"value":"true"},{"code":{"system":"http://hl7.org/fhir/tools/CodeSystem/ig-parameters","code":"active-tables"},"value":"true"},{"code":{"system":"http://hl7.org/fhir/tools/CodeSystem/ig-parameters","code":"fmm-definition"},"value":"http://hl7.org/fhir/versions.html#maturity"},{"code":{"system":"http://hl7.org/fhir/tools/CodeSystem/ig-parameters","code":"propagate-status"},"value":"true"},{"code":{"system":"http://hl7.org/fhir/tools/CodeSystem/ig-parameters","code":"excludelogbinaryformat"},"value":"true"},{"code":{"system":"http://hl7.org/fhir/tools/CodeSystem/ig-parameters","code":"tabbed-snapshots"},"value":"true"}]}}