<?xml version="1.0" encoding="UTF-8"?><ImplementationGuide xmlns="http://hl7.org/fhir"><id value="medicationprofiles.id"/><text><status value="generated"/><div xmlns="http://www.w3.org/1999/xhtml"><p class="res-header-id"><b>Generated Narrative: ImplementationGuide medicationprofiles.id</b></p><a name="medicationprofiles.id"> </a><a name="hcmedicationprofiles.id"> </a><a name="medicationprofiles.id-en-US"> </a><h2>MedicationProfiles</h2><p>The official URL for this implementation guide is: </p><pre>http://example.org/ImplementationGuide/medicationprofiles.id</pre></div></text><url value="http://example.org/ImplementationGuide/medicationprofiles.id"/><version value="0.1.0"/><name value="MedicationProfiles"/><status value="draft"/><date value="2025-05-11T16:39:14+02:00"/><publisher value="Agnes Rehn, master thesis at Karolinska Institutet"/><contact><name value="Agnes Rehn, master thesis at Karolinska Institutet"/><telecom><system value="url"/><value value="http://example.org/example-publisher"/></telecom></contact><packageId value="medicationprofiles.id"/><license value="CC0-1.0"/><fhirVersion value="5.0.0"/><dependsOn id="hl7tx"><extension url="http://hl7.org/fhir/tools/StructureDefinition/implementationguide-dependency-comment"><valueMarkdown value="Automatically added as a dependency - all IGs depend on HL7 Terminology"/></extension><uri value="http://terminology.hl7.org/ImplementationGuide/hl7.terminology"/><packageId value="hl7.terminology.r5"/><version value="6.3.0"/></dependsOn><dependsOn id="hl7ext"><extension url="http://hl7.org/fhir/tools/StructureDefinition/implementationguide-dependency-comment"><valueMarkdown value="Automatically added as a dependency - all IGs depend on the HL7 Extension Pack"/></extension><uri value="http://hl7.org/fhir/extensions/ImplementationGuide/hl7.fhir.uv.extensions"/><packageId value="hl7.fhir.uv.extensions.r5"/><version value="5.2.0"/></dependsOn><definition><extension url="http://hl7.org/fhir/tools/StructureDefinition/ig-internal-dependency"><valueCode value="hl7.fhir.uv.tools.r5#0.5.0"/></extension><grouping id="-str-profile"><name value="Structures: Resource Profiles"/><description value="These define constraints on FHIR resources for systems conforming to this implementation guide."/></grouping><grouping id="-str-extension"><name value="Structures: Extension Definitions"/><description value="These define constraints on FHIR data types for systems conforming to this implementation guide."/></grouping><grouping id="-term-valueset"><name value="Terminology: Value Sets"/><description value="These define sets of codes used by systems conforming to this implementation guide."/></grouping><grouping id="-ex-example"><name value="Example: Example Instances"/><description value="These are example instances that show what data produced and consumed by systems conforming with this implementation guide might look like."/></grouping><resource><extension url="http://hl7.org/fhir/tools/StructureDefinition/resource-sort"><valueInteger value="999999999"/></extension><extension url="http://hl7.org/fhir/StructureDefinition/implementationguide-page"><valueUri value="StructureDefinition-my-MyDosage.html"/></extension><reference><reference value="StructureDefinition/my-MyDosage"/></reference><name value="My Dosage"/><description value="A Profile based on MedicationRequest describing the dosage in medication orders, for example morphine administered at a rate of 2 mg/hour"/><isExample value="false"/><groupingId value="-str-profile"/></resource><resource><extension url="http://hl7.org/fhir/tools/StructureDefinition/resource-sort"><valueInteger value="999999999"/></extension><extension url="http://hl7.org/fhir/StructureDefinition/implementationguide-page"><valueUri value="StructureDefinition-my-MyDosageAdministration.html"/></extension><reference><reference value="StructureDefinition/my-MyDosageAdministration"/></reference><name value="My DosageAdministration"/><description value="A Profile based on MedicationAdministration describing the administration of the dosage in medication orders, for example self-administred insulin injection using a prefilled pen in the abdomen"/><isExample value="false"/><groupingId value="-str-profile"/></resource><resource><extension url="http://hl7.org/fhir/tools/StructureDefinition/resource-sort"><valueInteger value="999999999"/></extension><extension url="http://hl7.org/fhir/StructureDefinition/implementationguide-page"><valueUri value="StructureDefinition-my-MyMedication.html"/></extension><reference><reference value="StructureDefinition/my-MyMedication"/></reference><name value="My Medication"/><description value="A Profile based on NLLMedication describing the medication in medication orders, for example Ibuprofen 400 mg tablet"/><isExample value="false"/><groupingId value="-str-profile"/></resource><resource><extension url="http://hl7.org/fhir/tools/StructureDefinition/resource-sort"><valueInteger value="999999999"/></extension><extension url="http://hl7.org/fhir/StructureDefinition/implementationguide-page"><valueUri value="StructureDefinition-my-medicationrequest.html"/></extension><reference><reference value="StructureDefinition/my-medicationrequest"/></reference><name value="My MedicationRequest"/><description value="A profile based on MedicationRequest for example a 10-day antibiotic treatment with the treatment goal to reduce infection markers."/><isExample value="false"/><groupingId value="-str-profile"/></resource><resource><extension url="http://hl7.org/fhir/tools/StructureDefinition/resource-sort"><valueInteger value="999999999"/></extension><extension url="http://hl7.org/fhir/StructureDefinition/implementationguide-page"><valueUri value="StructureDefinition-NLLMedication.html"/></extension><reference><reference value="StructureDefinition/NLLMedication"/></reference><name value="NLLMedication"/><isExample value="false"/><groupingId value="-str-profile"/></resource><resource><extension url="http://hl7.org/fhir/tools/StructureDefinition/resource-sort"><valueInteger value="999999999"/></extension><extension url="http://hl7.org/fhir/StructureDefinition/implementationguide-page"><valueUri value="StructureDefinition-NLLMedicationSnapshot.html"/></extension><reference><reference value="StructureDefinition/NLLMedicationSnapshot"/></reference><name value="NLLMedication"/><isExample value="false"/><groupingId value="-str-profile"/></resource><resource><extension url="http://hl7.org/fhir/tools/StructureDefinition/resource-sort"><valueInteger value="999999999"/></extension><extension url="http://hl7.org/fhir/StructureDefinition/implementationguide-page"><valueUri value="StructureDefinition-followup-extension.html"/></extension><reference><reference value="StructureDefinition/followup-extension"/></reference><name value="Follow Up"/><description value="An extension to represent the type and timing of follow-up."/><isExample value="false"/><groupingId value="-str-extension"/></resource><resource><extension url="http://hl7.org/fhir/tools/StructureDefinition/resource-sort"><valueInteger value="999999999"/></extension><extension url="http://hl7.org/fhir/StructureDefinition/implementationguide-page"><valueUri value="StructureDefinition-SiteQualifier.html"/></extension><reference><reference value="StructureDefinition/SiteQualifier"/></reference><name value="Qualified Administration Site"/><description value="Indicates whether a more precise administration site is needed beyond the standard site."/><isExample value="false"/><groupingId value="-str-extension"/></resource><resource><extension url="http://hl7.org/fhir/tools/StructureDefinition/resource-sort"><valueInteger value="999999999"/></extension><extension url="http://hl7.org/fhir/StructureDefinition/implementationguide-page"><valueUri value="StructureDefinition-self-administration.html"/></extension><reference><reference value="StructureDefinition/self-administration"/></reference><name value="Self Administration"/><description value="Indicates whether the medication was self-administered by the patient."/><isExample value="false"/><groupingId value="-str-extension"/></resource><resource><extension url="http://hl7.org/fhir/tools/StructureDefinition/resource-sort"><valueInteger value="999999999"/></extension><extension url="http://hl7.org/fhir/StructureDefinition/implementationguide-page"><valueUri value="StructureDefinition-goal-extension.html"/></extension><reference><reference value="StructureDefinition/goal-extension"/></reference><name value="Treatment Goal"/><description value="Describes the goal or purpose of the treatment."/><isExample value="false"/><groupingId value="-str-extension"/></resource><resource><extension url="http://hl7.org/fhir/tools/StructureDefinition/resource-sort"><valueInteger value="999999999"/></extension><extension url="http://hl7.org/fhir/StructureDefinition/implementationguide-page"><valueUri value="ValueSet-FollowUpVs.html"/></extension><reference><reference value="ValueSet/FollowUpVs"/></reference><name value="Follow Upvs"/><description value="This is a valueset for Follow up"/><isExample value="false"/><groupingId value="-term-valueset"/></resource><resource><extension url="http://hl7.org/fhir/tools/StructureDefinition/resource-sort"><valueInteger value="999999999"/></extension><extension url="http://hl7.org/fhir/StructureDefinition/implementationguide-page"><valueUri value="Medication-exampleIbuprofen400mg.html"/></extension><reference><reference value="Medication/exampleIbuprofen400mg"/></reference><name value="exampleIbuprofen400mg"/><description value="This instance describes how a medication order for 1 talet of Ibuprofen with the strength 400 mg, could be structured"/><isExample value="true"/><profile value="http://example.org/StructureDefinition/my-MyMedication"/><groupingId value="-ex-example"/></resource><page><sourceUrl value="toc.html"/><name value="toc.html"/><title value="Table of Contents"/><generation value="html"/><page><sourceUrl value="index.html"/><name value="index.html"/><title value="Home"/><generation value="markdown"/></page><page><sourceUrl value="artifacts.html"/><name value="artifacts.html"/><title value="Artifacts Summary"/><generation value="html"/><page><sourceUrl value="StructureDefinition-my-MyDosage.html"/><name value="StructureDefinition-my-MyDosage.html"/><title value="My Dosage"/><generation value="generated"/></page><page><sourceUrl value="StructureDefinition-my-MyDosageAdministration.html"/><name value="StructureDefinition-my-MyDosageAdministration.html"/><title value="My DosageAdministration"/><generation value="generated"/></page><page><sourceUrl value="StructureDefinition-my-MyMedication.html"/><name value="StructureDefinition-my-MyMedication.html"/><title value="My Medication"/><generation value="generated"/></page><page><sourceUrl value="StructureDefinition-my-medicationrequest.html"/><name value="StructureDefinition-my-medicationrequest.html"/><title value="My MedicationRequest"/><generation value="generated"/></page><page><sourceUrl value="StructureDefinition-NLLMedication.html"/><name value="StructureDefinition-NLLMedication.html"/><title value="NLLMedication"/><generation value="generated"/></page><page><sourceUrl value="StructureDefinition-NLLMedicationSnapshot.html"/><name value="StructureDefinition-NLLMedicationSnapshot.html"/><title value="NLLMedication"/><generation value="generated"/></page><page><sourceUrl value="StructureDefinition-followup-extension.html"/><name value="StructureDefinition-followup-extension.html"/><title value="Follow Up"/><generation value="generated"/></page><page><sourceUrl value="StructureDefinition-SiteQualifier.html"/><name value="StructureDefinition-SiteQualifier.html"/><title value="Qualified Administration Site"/><generation value="generated"/></page><page><sourceUrl value="StructureDefinition-self-administration.html"/><name value="StructureDefinition-self-administration.html"/><title value="Self Administration"/><generation value="generated"/></page><page><sourceUrl value="StructureDefinition-goal-extension.html"/><name value="StructureDefinition-goal-extension.html"/><title value="Treatment Goal"/><generation value="generated"/></page><page><sourceUrl value="ValueSet-FollowUpVs.html"/><name value="ValueSet-FollowUpVs.html"/><title value="Follow Upvs"/><generation value="generated"/></page><page><sourceUrl value="Medication-exampleIbuprofen400mg.html"/><name value="Medication-exampleIbuprofen400mg.html"/><title value="exampleIbuprofen400mg"/><generation value="generated"/></page></page></page><parameter><code><system value="http://hl7.org/fhir/tools/CodeSystem/ig-parameters"/><code value="copyrightyear"/></code><value value="2025+"/></parameter><parameter><code><system value="http://hl7.org/fhir/tools/CodeSystem/ig-parameters"/><code value="releaselabel"/></code><value value="R5"/></parameter><parameter><code><system value="http://hl7.org/fhir/tools/CodeSystem/ig-parameters"/><code value="autoload-resources"/></code><value value="true"/></parameter><parameter><code><system value="http://hl7.org/fhir/guide-parameter-code"/><code value="path-resource"/></code><value value="input/capabilities"/></parameter><parameter><code><system value="http://hl7.org/fhir/guide-parameter-code"/><code value="path-resource"/></code><value value="input/examples"/></parameter><parameter><code><system value="http://hl7.org/fhir/guide-parameter-code"/><code value="path-resource"/></code><value value="input/extensions"/></parameter><parameter><code><system value="http://hl7.org/fhir/guide-parameter-code"/><code value="path-resource"/></code><value value="input/models"/></parameter><parameter><code><system value="http://hl7.org/fhir/guide-parameter-code"/><code value="path-resource"/></code><value value="input/operations"/></parameter><parameter><code><system value="http://hl7.org/fhir/guide-parameter-code"/><code value="path-resource"/></code><value value="input/profiles"/></parameter><parameter><code><system value="http://hl7.org/fhir/guide-parameter-code"/><code value="path-resource"/></code><value value="input/resources"/></parameter><parameter><code><system value="http://hl7.org/fhir/guide-parameter-code"/><code value="path-resource"/></code><value value="input/vocabulary"/></parameter><parameter><code><system value="http://hl7.org/fhir/guide-parameter-code"/><code value="path-resource"/></code><value value="input/maps"/></parameter><parameter><code><system value="http://hl7.org/fhir/guide-parameter-code"/><code value="path-resource"/></code><value value="input/testing"/></parameter><parameter><code><system value="http://hl7.org/fhir/guide-parameter-code"/><code value="path-resource"/></code><value value="input/history"/></parameter><parameter><code><system value="http://hl7.org/fhir/guide-parameter-code"/><code value="path-resource"/></code><value value="fsh-generated/resources"/></parameter><parameter><code><system value="http://hl7.org/fhir/guide-parameter-code"/><code value="path-pages"/></code><value value="template/config"/></parameter><parameter><code><system value="http://hl7.org/fhir/guide-parameter-code"/><code value="path-pages"/></code><value value="input/images"/></parameter><parameter><code><system value="http://hl7.org/fhir/tools/CodeSystem/ig-parameters"/><code value="path-liquid"/></code><value value="template/liquid"/></parameter><parameter><code><system value="http://hl7.org/fhir/tools/CodeSystem/ig-parameters"/><code value="path-liquid"/></code><value value="input/liquid"/></parameter><parameter><code><system value="http://hl7.org/fhir/tools/CodeSystem/ig-parameters"/><code value="path-qa"/></code><value value="temp/qa"/></parameter><parameter><code><system value="http://hl7.org/fhir/tools/CodeSystem/ig-parameters"/><code value="path-temp"/></code><value value="temp/pages"/></parameter><parameter><code><system value="http://hl7.org/fhir/tools/CodeSystem/ig-parameters"/><code value="path-output"/></code><value value="output"/></parameter><parameter><code><system value="http://hl7.org/fhir/guide-parameter-code"/><code value="path-tx-cache"/></code><value value="input-cache/txcache"/></parameter><parameter><code><system value="http://hl7.org/fhir/tools/CodeSystem/ig-parameters"/><code value="path-suppressed-warnings"/></code><value value="input/ignoreWarnings.txt"/></parameter><parameter><code><system value="http://hl7.org/fhir/tools/CodeSystem/ig-parameters"/><code value="path-history"/></code><value value="http://example.org/history.html"/></parameter><parameter><code><system value="http://hl7.org/fhir/tools/CodeSystem/ig-parameters"/><code value="template-html"/></code><value value="template-page.html"/></parameter><parameter><code><system value="http://hl7.org/fhir/tools/CodeSystem/ig-parameters"/><code value="template-md"/></code><value value="template-page-md.html"/></parameter><parameter><code><system value="http://hl7.org/fhir/tools/CodeSystem/ig-parameters"/><code value="apply-contact"/></code><value value="true"/></parameter><parameter><code><system value="http://hl7.org/fhir/tools/CodeSystem/ig-parameters"/><code value="apply-context"/></code><value value="true"/></parameter><parameter><code><system value="http://hl7.org/fhir/tools/CodeSystem/ig-parameters"/><code value="apply-copyright"/></code><value value="true"/></parameter><parameter><code><system value="http://hl7.org/fhir/tools/CodeSystem/ig-parameters"/><code value="apply-jurisdiction"/></code><value value="true"/></parameter><parameter><code><system value="http://hl7.org/fhir/tools/CodeSystem/ig-parameters"/><code value="apply-license"/></code><value value="true"/></parameter><parameter><code><system value="http://hl7.org/fhir/tools/CodeSystem/ig-parameters"/><code value="apply-publisher"/></code><value value="true"/></parameter><parameter><code><system value="http://hl7.org/fhir/tools/CodeSystem/ig-parameters"/><code value="apply-version"/></code><value value="true"/></parameter><parameter><code><system value="http://hl7.org/fhir/tools/CodeSystem/ig-parameters"/><code value="apply-wg"/></code><value value="true"/></parameter><parameter><code><system value="http://hl7.org/fhir/tools/CodeSystem/ig-parameters"/><code value="active-tables"/></code><value value="true"/></parameter><parameter><code><system value="http://hl7.org/fhir/tools/CodeSystem/ig-parameters"/><code value="fmm-definition"/></code><value value="http://hl7.org/fhir/versions.html#maturity"/></parameter><parameter><code><system value="http://hl7.org/fhir/tools/CodeSystem/ig-parameters"/><code value="propagate-status"/></code><value value="true"/></parameter><parameter><code><system value="http://hl7.org/fhir/tools/CodeSystem/ig-parameters"/><code value="excludelogbinaryformat"/></code><value value="true"/></parameter><parameter><code><system value="http://hl7.org/fhir/tools/CodeSystem/ig-parameters"/><code value="tabbed-snapshots"/></code><value value="true"/></parameter></definition></ImplementationGuide>