<?xml version="1.0" encoding="UTF-8"?>

<Medication xmlns="http://hl7.org/fhir">
  <id value="exampleIbuprofen400mg"/>
  <meta>
    <profile value="http://electronichealth.se/fhir/StructureDefinition/NLLMedication"/>
  </meta>
  <text>
    <status value="generated"/><div xmlns="http://www.w3.org/1999/xhtml"><p class="res-header-id"><b>Generated Narrative: Medication exampleIbuprofen400mg</b></p><a name="exampleIbuprofen400mg"> </a><a name="hcexampleIbuprofen400mg"> </a><a name="exampleIbuprofen400mg-en-US"> </a><div style="display: inline-block; background-color: #d9e0e7; padding: 6px; margin: 4px; border: 1px solid #8da1b4; border-radius: 5px; line-height: 60%"><p style="margin-bottom: 0px"/><p style="margin-bottom: 0px">Profile: <a href="StructureDefinition-NLLMedicationSnapshot.html">NLLMedication</a></p></div><p><b>identifier</b>: <code>http://example.org/fake-medication-system</code>/ibu400</p><blockquote><p><b>ingredient</b></p></blockquote></div>
  </text>
  <identifier>
    <system value="http://example.org/fake-medication-system"/>
    <value value="ibu400"/>
  </identifier>
  <ingredient/>
</Medication>