{
  "package": "medicationprofiles.id",
  "version": "0.1.0",
  "fhirVersion": "5.0.0",
  "extensions": [
    {
      "url": "http://example.org/StructureDefinition/SiteQualifier",
      "title": "Qualified Administration Site",
      "types": [
        "string",
        "string"
      ]
    },
    {
      "url": "http://example.org/StructureDefinition/followup-extension",
      "title": "Follow Up",
      "types": [
        "base64Binary",
        "boolean",
        "canonical",
        "code",
        "date",
        "dateTime",
        "decimal",
        "id",
        "instant",
        "integer",
        "integer64",
        "markdown",
        "oid",
        "positiveInt",
        "string",
        "time",
        "unsignedInt",
        "uri",
        "url",
        "uuid",
        "Address",
        "Age",
        "Annotation",
        "Attachment",
        "CodeableConcept",
        "CodeableReference",
        "Coding",
        "ContactPoint",
        "Count",
        "Distance",
        "Duration",
        "HumanName",
        "Identifier",
        "Money",
        "Period",
        "Quantity",
        "Range",
        "Ratio",
        "RatioRange",
        "Reference",
        "SampledData",
        "Signature",
        "Timing",
        "ContactDetail",
        "DataRequirement",
        "Expression",
        "ParameterDefinition",
        "RelatedArtifact",
        "TriggerDefinition",
        "UsageContext",
        "Availability",
        "ExtendedContactDetail",
        "Dosage",
        "Meta",
        "CodeableConcept",
        "base64Binary",
        "boolean",
        "canonical",
        "code",
        "date",
        "dateTime",
        "decimal",
        "id",
        "instant",
        "integer",
        "integer64",
        "markdown",
        "oid",
        "positiveInt",
        "string",
        "time",
        "unsignedInt",
        "uri",
        "url",
        "uuid",
        "Address",
        "Age",
        "Annotation",
        "Attachment",
        "CodeableConcept",
        "CodeableReference",
        "Coding",
        "ContactPoint",
        "Count",
        "Distance",
        "Duration",
        "HumanName",
        "Identifier",
        "Money",
        "Period",
        "Quantity",
        "Range",
        "Ratio",
        "RatioRange",
        "Reference",
        "SampledData",
        "Signature",
        "Timing",
        "ContactDetail",
        "DataRequirement",
        "Expression",
        "ParameterDefinition",
        "RelatedArtifact",
        "TriggerDefinition",
        "UsageContext",
        "Availability",
        "ExtendedContactDetail",
        "Dosage",
        "Meta",
        "base64Binary",
        "boolean",
        "canonical",
        "code",
        "date",
        "dateTime",
        "decimal",
        "id",
        "instant",
        "integer",
        "integer64",
        "markdown",
        "oid",
        "positiveInt",
        "string",
        "time",
        "unsignedInt",
        "uri",
        "url",
        "uuid",
        "Address",
        "Age",
        "Annotation",
        "Attachment",
        "CodeableConcept",
        "CodeableReference",
        "Coding",
        "ContactPoint",
        "Count",
        "Distance",
        "Duration",
        "HumanName",
        "Identifier",
        "Money",
        "Period",
        "Quantity",
        "Range",
        "Ratio",
        "RatioRange",
        "Reference",
        "SampledData",
        "Signature",
        "Timing",
        "ContactDetail",
        "DataRequirement",
        "Expression",
        "ParameterDefinition",
        "RelatedArtifact",
        "TriggerDefinition",
        "UsageContext",
        "Availability",
        "ExtendedContactDetail",
        "Dosage",
        "Meta"
      ]
    },
    {
      "url": "http://example.org/StructureDefinition/goal-extension",
      "title": "Treatment Goal",
      "types": [
        "string"
      ]
    },
    {
      "url": "http://example.org/StructureDefinition/self-administration",
      "title": "Self Administration",
      "types": [
        "boolean",
        "boolean"
      ]
    }
  ],
  "profiles": {
    "Medication": [
      {
        "url": "http://example.org/StructureDefinition/my-MyMedication",
        "title": "My Medication"
      }
    ],
    "Patient": [
      {
        "url": "http://example.org/StructureDefinition/MyPatient",
        "title": "MyPatient"
      }
    ],
    "MedicationRequest": [
      {
        "url": "http://example.org/StructureDefinition/my-medicationrequest",
        "title": "My MedicationRequest"
      }
    ],
    "MedicationAdministration": [
      {
        "url": "http://example.org/StructureDefinition/my-MyDosageAdministration",
        "title": "My DosageAdministration"
      }
    ]
  },
  "usage": {
    "http://electronichealth.se/fhir/StructureDefinition/NLLArticleAvailability": [
      "Medication"
    ],
    "http://electronichealth.se/fhir/StructureDefinition/NLLArticleInfo": [
      "Medication"
    ],
    "http://electronichealth.se/fhir/StructureDefinition/NLLArticleRegulations": [
      "Medication"
    ],
    "http://electronichealth.se/fhir/StructureDefinition/NLLReimbursement": [
      "Medication"
    ],
    "http://example.org/StructureDefinition/SiteQualifier": [
      "MedicationAdministration"
    ],
    "http://example.org/StructureDefinition/followup-extension": [
      "MedicationRequest"
    ],
    "http://example.org/StructureDefinition/goal-extension": [
      "MedicationRequest"
    ],
    "http://example.org/StructureDefinition/self-administration": [
      "MedicationAdministration"
    ],
    "http://hl7.org/fhir/StructureDefinition/elementdefinition-bestpractice": [
      "StructureDefinition.snapshot.element.constraint"
    ],
    "http://hl7.org/fhir/StructureDefinition/elementdefinition-bestpractice-explanation": [
      "StructureDefinition.snapshot.element.constraint"
    ],
    "http://hl7.org/fhir/StructureDefinition/elementdefinition-bindingName": [
      "StructureDefinition.snapshot.element.binding"
    ],
    "http://hl7.org/fhir/StructureDefinition/elementdefinition-translatable": [
      "StructureDefinition.snapshot.element"
    ],
    "http://hl7.org/fhir/StructureDefinition/structuredefinition-fhir-type": [
      "StructureDefinition.snapshot.element.type"
    ],
    "http://hl7.org/fhir/StructureDefinition/structuredefinition-hierarchy": [
      "StructureDefinition.snapshot.element.type"
    ],
    "http://hl7.org/fhir/StructureDefinition/structuredefinition-type-characteristics": [
      "StructureDefinition"
    ],
    "http://hl7.org/fhir/tools/StructureDefinition/ig-internal-dependency": [
      "ImplementationGuide.definition"
    ],
    "http://hl7.org/fhir/tools/StructureDefinition/implementationguide-dependency-comment": [
      "ImplementationGuide.dependsOn"
    ],
    "http://hl7.org/fhir/tools/StructureDefinition/resource-information": [
      "ImplementationGuide.definition.resource"
    ],
    "http://hl7.org/fhir/tools/StructureDefinition/snapshot-base-version": [
      "StructureDefinition.snapshot"
    ]
  }
}