{
  "resourceType" : "ValueSet",
  "id" : "FollowUpVs",
  "text" : {
    "status" : "generated",
    "div" : "<div xmlns=\"http://www.w3.org/1999/xhtml\"><p class=\"res-header-id\"><b>Generated Narrative: ValueSet FollowUpVs</b></p><a name=\"FollowUpVs\"> </a><a name=\"hcFollowUpVs\"> </a><a name=\"FollowUpVs-en-US\"> </a><ul><li>Include these codes as defined in <a href=\"http://www.snomed.org/\"><code>http://snomed.info/sct</code></a><table class=\"none\"><tr><td style=\"white-space:nowrap\"><b>Code</b></td><td><b>Display</b></td></tr><tr><td><a href=\"http://snomed.info/id/448337001\">448337001</a></td><td>telemedicinkonsultation med patient</td></tr><tr><td><a href=\"http://snomed.info/id/390906007\">390906007</a></td><td>uppföljande kontakt</td></tr></table></li></ul></div>"
  },
  "url" : "http://example.org/ValueSet/FollowUpVs",
  "version" : "0.1.0",
  "name" : "FollowUp",
  "title" : "Follow Upvs",
  "status" : "draft",
  "date" : "2025-06-02T21:24:52+02:00",
  "publisher" : "Agnes Rehn, master thesis at Karolinska Institutet",
  "contact" : [{
    "name" : "Agnes Rehn, master thesis at Karolinska Institutet",
    "telecom" : [{
      "system" : "url",
      "value" : "http://example.org/example-publisher"
    }]
  }],
  "description" : "This is a valueset for Follow up",
  "compose" : {
    "include" : [{
      "system" : "http://snomed.info/sct",
      "concept" : [{
        "code" : "448337001",
        "display" : "telemedicinkonsultation med patient"
      },
      {
        "code" : "390906007",
        "display" : "uppföljande kontakt"
      }]
    }]
  }
}